1_10.0.1.2_0_000d-0.jpg,jpg,2,0,2,0
1_10.0.1.2_0_000d-3.jpg,jpg,2,0,2,0
1_10.0.1.2_0_000d-6.jpg,jpg,2,0,2,0
1_10.0.1.2_0_000d-9.jpg,jpg,2,0,2,0
1_10.0.1.2_0_00d-12.jpg,jpg,2,0,2,0
1_10.0.1.2_0_00d-15.jpg,jpg,2,0,2,0
1_10.0.1.2_0_00d-18.jpg,jpg,2,0,2,0
1_10.0.1.2_000d-0.jpg,jpg,2,0,2,0
1_10.0.1.2_000d-3.jpg,jpg,2,0,2,0
1_10.0.1.2_000d-6.jpg,jpg,2,0,2,0
1_10.0.1.2_000d-9.jpg,jpg,2,0,2,0
1_10.0.1.2_00d-12.jpg,jpg,2,0,2,0
1_10.0.1.2_00d-15.jpg,jpg,2,0,2,0
1_10.0.1.2_00d-18.jpg,jpg,2,0,2,0
2_10.0.1.2_0_00d-21.jpg,jpg,2,0,2,0
2_10.0.1.2_0_00d-24.jpg,jpg,2,0,2,0
2_10.0.1.2_00d-21.jpg,jpg,2,0,2,0
2_10.0.1.2_00d-24.jpg,jpg,2,0,2,0
5_10.0.1.2_0_00d-27.jpg,jpg,2,2,0,0
5_10.0.1.2_0_00d-30.jpg,jpg,2,2,0,0
5_10.0.1.2_00d-27.jpg,jpg,2,2,0,0
5_10.0.1.2_00d-30.jpg,jpg,2,2,0,0
8_10.0.1.2_0_00d-33.jpg,jpg,2,2,0,0
8_10.0.1.2_0_00d-36.jpg,jpg,2,2,0,0
8_10.0.1.2_0_00d-39.jpg,jpg,2,2,0,0
8_10.0.1.2_0_00d-42.jpg,jpg,2,2,0,0
8_10.0.1.2_0_00d-45.jpg,jpg,2,2,0,0
8_10.0.1.2_0_00d-48.jpg,jpg,2,2,0,0
8_10.0.1.2_0_00d-51.jpg,jpg,2,2,0,0
8_10.0.1.2_0_00d-54.jpg,jpg,2,2,0,0
8_10.0.1.2_0_00d-57.jpg,jpg,2,2,0,0
8_10.0.1.2_0_00d-60.jpg,jpg,2,2,0,0
8_10.0.1.2_0_00d-63.jpg,jpg,2,2,0,0
8_10.0.1.2_0_00d-66.jpg,jpg,1,1,0,0
8_10.0.1.2_0_00d-69.jpg,jpg,1,1,0,0
8_10.0.1.2_0_00d-72.jpg,jpg,1,1,0,0
8_10.0.1.2_00d-33.jpg,jpg,1,1,0,0
8_10.0.1.2_00d-36.jpg,jpg,1,1,0,0
8_10.0.1.2_00d-39.jpg,jpg,1,1,0,0
8_10.0.1.2_00d-42.jpg,jpg,1,1,0,0
8_10.0.1.2_00d-45.jpg,jpg,1,1,0,0
8_10.0.1.2_00d-48.jpg,jpg,1,1,0,0
8_10.0.1.2_00d-51.jpg,jpg,1,1,0,0
8_10.0.1.2_00d-54.jpg,jpg,1,1,0,0
8_10.0.1.2_00d-57.jpg,jpg,1,1,0,0
8_10.0.1.2_00d-60.jpg,jpg,1,1,0,0
8_10.0.1.2_00d-63.jpg,jpg,1,1,0,0
8_10.0.1.2_00d-66.jpg,jpg,1,1,0,0
8_10.0.1.2_00d-69.jpg,jpg,1,1,0,0
8_10.0.1.2_00d-72.jpg,jpg,1,1,0,0
9_10.0.1.2_0_00d-54.jpg,jpg,1,0,1,0
9_10.0.1.2_0_00d-57.jpg,jpg,1,0,1,0
9_10.0.1.2_0_00d-60.jpg,jpg,1,0,1,0
9_10.0.1.2_0_00d-63.jpg,jpg,1,0,1,0
9_10.0.1.2_0_00d-66.jpg,jpg,1,0,1,0
9_10.0.1.2_0_00d-69.jpg,jpg,1,0,1,0
9_10.0.1.2_0_00d-72.jpg,jpg,1,0,1,0
9_10.0.1.2_0_00d-75.jpg,jpg,1,0,1,0
9_10.0.1.2_0_00d-78.jpg,jpg,1,0,1,0
9_10.0.1.2_0_00d-81.jpg,jpg,1,0,1,0
9_10.0.1.2_0_00d-84.jpg,jpg,1,0,1,0
9_10.0.1.2_0_00d-87.jpg,jpg,1,0,1,0
9_10.0.1.2_0_00d-90.jpg,jpg,1,0,1,0
9_10.0.1.2_0_00d-93.jpg,jpg,1,0,1,0
9_10.0.1.2_0_00d-96.jpg,jpg,1,1,0,0
9_10.0.1.2_0_00d-99.jpg,jpg,1,1,0,0
9_10.0.1.2_0_0d-102.jpg,jpg,1,1,0,0
9_10.0.1.2_0_0d-105.jpg,jpg,1,1,0,0
9_10.0.1.2_0_0d-108.jpg,jpg,1,1,0,0
9_10.0.1.2_0_0d-111.jpg,jpg,1,1,0,0
9_10.0.1.2_00d-54.jpg,jpg,1,0,1,0
9_10.0.1.2_00d-57.jpg,jpg,1,0,1,0
9_10.0.1.2_00d-60.jpg,jpg,1,0,1,0
9_10.0.1.2_00d-63.jpg,jpg,1,0,1,0
9_10.0.1.2_00d-66.jpg,jpg,1,0,1,0
9_10.0.1.2_00d-69.jpg,jpg,1,0,1,0
9_10.0.1.2_00d-72.jpg,jpg,1,0,1,0
9_10.0.1.2_00d-75.jpg,jpg,1,0,1,0
9_10.0.1.2_00d-78.jpg,jpg,1,0,1,0
9_10.0.1.2_00d-81.jpg,jpg,1,0,1,0
9_10.0.1.2_00d-84.jpg,jpg,1,0,1,0
9_10.0.1.2_00d-87.jpg,jpg,1,0,1,0
9_10.0.1.2_00d-90.jpg,jpg,1,0,1,0
9_10.0.1.2_00d-93.jpg,jpg,1,0,1,0
9_10.0.1.2_00d-96.jpg,jpg,1,1,0,0
9_10.0.1.2_00d-99.jpg,jpg,1,1,0,0
9_10.0.1.2_0d-102.jpg,jpg,1,1,0,0
9_10.0.1.2_0d-105.jpg,jpg,1,1,0,0
9_10.0.1.2_0d-108.jpg,jpg,1,1,0,0
9_10.0.1.2_0d-111.jpg,jpg,1,1,0,0
10_10.0.1.2_0_0d-198.jpg,jpg,1,0,1,0
10_10.0.1.2_0_0d-201.jpg,jpg,1,0,1,0
10_10.0.1.2_0_0d-204.jpg,jpg,1,0,1,0
10_10.0.1.2_0_0d-207.jpg,jpg,1,0,1,0
10_10.0.1.2_0_0d-210.jpg,jpg,1,0,1,0
10_10.0.1.2_0_0d-213.jpg,jpg,1,0,1,0
10_10.0.1.2_0_0d-216.jpg,jpg,1,0,1,0
10_10.0.1.2_0_0d-219.jpg,jpg,1,0,1,0
10_10.0.1.2_0_0d-222.jpg,jpg,1,0,1,0
10_10.0.1.2_0d-198.jpg,jpg,1,0,1,0
10_10.0.1.2_0d-201.jpg,jpg,1,0,1,0
10_10.0.1.2_0d-204.jpg,jpg,1,0,1,0
10_10.0.1.2_0d-207.jpg,jpg,1,0,1,0
10_10.0.1.2_0d-210.jpg,jpg,1,0,1,0
10_10.0.1.2_0d-213.jpg,jpg,1,0,1,0
10_10.0.1.2_0d-216.jpg,jpg,1,0,1,0
10_10.0.1.2_0d-219.jpg,jpg,1,0,1,0
10_10.0.1.2_0d-222.jpg,jpg,1,0,1,0
12_10.0.1.2_0_0d-225.jpg,jpg,1,0,1,0
12_10.0.1.2_0_0d-228.jpg,jpg,1,0,1,0
12_10.0.1.2_0_0d-231.jpg,jpg,1,0,1,0
12_10.0.1.2_0d-225.jpg,jpg,1,0,1,0
12_10.0.1.2_0d-228.jpg,jpg,1,0,1,0
12_10.0.1.2_0d-231.jpg,jpg,1,0,1,0
15_10.0.1.2_0_0d-234.jpg,jpg,1,0,1,0
15_10.0.1.2_0_0d-237.jpg,jpg,1,0,1,0
15_10.0.1.2_0_0d-240.jpg,jpg,1,0,1,0
15_10.0.1.2_0_0d-243.jpg,jpg,1,0,1,0
15_10.0.1.2_0_0d-246.jpg,jpg,1,0,1,0
15_10.0.1.2_0_0d-249.jpg,jpg,1,0,1,0
15_10.0.1.2_0d-234.jpg,jpg,1,0,1,0
15_10.0.1.2_0d-237.jpg,jpg,1,0,1,0
15_10.0.1.2_0d-240.jpg,jpg,1,0,1,0
15_10.0.1.2_0d-243.jpg,jpg,1,0,1,0
15_10.0.1.2_0d-246.jpg,jpg,1,0,1,0
15_10.0.1.2_0d-249.jpg,jpg,1,0,1,0
17_10.0.1.2_0_0d-252.jpg,jpg,1,1,0,0
17_10.0.1.2_0_0d-255.jpg,jpg,1,1,0,0
17_10.0.1.2_0_0d-258.jpg,jpg,1,1,0,0
17_10.0.1.2_0_0d-261.jpg,jpg,1,1,0,0
17_10.0.1.2_0_0d-264.jpg,jpg,1,1,0,0
17_10.0.1.2_0_0d-267.jpg,jpg,1,1,0,0
17_10.0.1.2_0_0d-270.jpg,jpg,1,1,0,0
17_10.0.1.2_0_0d-273.jpg,jpg,1,1,0,0
17_10.0.1.2_0_0d-276.jpg,jpg,1,1,0,0
17_10.0.1.2_0_0d-279.jpg,jpg,1,1,0,0
17_10.0.1.2_0_0d-282.jpg,jpg,1,1,0,0
17_10.0.1.2_0_0d-285.jpg,jpg,1,1,0,0
17_10.0.1.2_0_0d-288.jpg,jpg,1,1,0,0
17_10.0.1.2_0_0d-291.jpg,jpg,1,1,0,0
17_10.0.1.2_0_0d-294.jpg,jpg,1,1,0,0
17_10.0.1.2_0_0d-297.jpg,jpg,1,1,0,0
17_10.0.1.2_0_0d-300.jpg,jpg,1,1,0,0
17_10.0.1.2_0_0d-303.jpg,jpg,1,1,0,0
17_10.0.1.2_0_0d-306.jpg,jpg,1,1,0,0
17_10.0.1.2_0_0d-309.jpg,jpg,1,1,0,0
17_10.0.1.2_0d-252.jpg,jpg,1,1,0,0
17_10.0.1.2_0d-255.jpg,jpg,1,1,0,0
17_10.0.1.2_0d-258.jpg,jpg,1,1,0,0
17_10.0.1.2_0d-261.jpg,jpg,1,1,0,0
17_10.0.1.2_0d-264.jpg,jpg,1,1,0,0
17_10.0.1.2_0d-267.jpg,jpg,1,1,0,0
17_10.0.1.2_0d-270.jpg,jpg,1,1,0,0
17_10.0.1.2_0d-273.jpg,jpg,1,1,0,0
17_10.0.1.2_0d-276.jpg,jpg,1,1,0,0
17_10.0.1.2_0d-279.jpg,jpg,1,1,0,0
17_10.0.1.2_0d-282.jpg,jpg,1,1,0,0
17_10.0.1.2_0d-285.jpg,jpg,1,1,0,0
17_10.0.1.2_0d-288.jpg,jpg,1,1,0,0
17_10.0.1.2_0d-291.jpg,jpg,1,1,0,0
17_10.0.1.2_0d-294.jpg,jpg,1,1,0,0
17_10.0.1.2_0d-297.jpg,jpg,1,1,0,0
17_10.0.1.2_0d-300.jpg,jpg,1,1,0,0
17_10.0.1.2_0d-303.jpg,jpg,1,1,0,0
17_10.0.1.2_0d-306.jpg,jpg,1,1,0,0
17_10.0.1.2_0d-309.jpg,jpg,1,1,0,0
23_10.0.1.2_0_0d-378.jpg,jpg,1,1,0,0
23_10.0.1.2_0_0d-381.jpg,jpg,1,1,0,0
23_10.0.1.2_0_0d-384.jpg,jpg,1,1,0,0
23_10.0.1.2_0_0d-387.jpg,jpg,1,1,0,0
23_10.0.1.2_0d-378.jpg,jpg,1,1,0,0
23_10.0.1.2_0d-381.jpg,jpg,1,1,0,0
23_10.0.1.2_0d-384.jpg,jpg,1,1,0,0
23_10.0.1.2_0d-387.jpg,jpg,1,1,0,0
24_10.0.1.2_0_0d-378.jpg,jpg,1,1,0,0
24_10.0.1.2_0_0d-381.jpg,jpg,1,0,1,0
24_10.0.1.2_0_0d-384.jpg,jpg,1,0,1,0
24_10.0.1.2_0_0d-387.jpg,jpg,1,0,1,0
24_10.0.1.2_0_0d-390.jpg,jpg,1,0,1,0
24_10.0.1.2_0_0d-393.jpg,jpg,1,0,1,0
24_10.0.1.2_0_0d-396.jpg,jpg,1,0,1,0
24_10.0.1.2_0_0d-399.jpg,jpg,1,0,1,0
24_10.0.1.2_0_0d-402.jpg,jpg,1,0,1,0
24_10.0.1.2_0_0d-405.jpg,jpg,1,0,1,0
24_10.0.1.2_0_0d-408.jpg,jpg,1,0,1,0
24_10.0.1.2_0_0d-411.jpg,jpg,1,0,1,0
24_10.0.1.2_0d-378.jpg,jpg,1,0,1,0
24_10.0.1.2_0d-381.jpg,jpg,1,0,1,0
24_10.0.1.2_0d-384.jpg,jpg,1,0,1,0
24_10.0.1.2_0d-387.jpg,jpg,1,0,1,0
24_10.0.1.2_0d-390.jpg,jpg,1,0,1,0
24_10.0.1.2_0d-393.jpg,jpg,1,0,1,0
24_10.0.1.2_0d-396.jpg,jpg,1,0,1,0
24_10.0.1.2_0d-399.jpg,jpg,1,0,1,0
24_10.0.1.2_0d-402.jpg,jpg,1,0,1,0
24_10.0.1.2_0d-405.jpg,jpg,1,0,1,0
24_10.0.1.2_0d-408.jpg,jpg,1,0,1,0
24_10.0.1.2_0d-411.jpg,jpg,1,0,1,0
25_10.0.1.2_0_0d-393.jpg,jpg,1,1,0,0
25_10.0.1.2_0_0d-396.jpg,jpg,1,1,0,0
25_10.0.1.2_0_0d-399.jpg,jpg,1,1,0,0
25_10.0.1.2_0_0d-402.jpg,jpg,1,1,0,0
25_10.0.1.2_0_0d-405.jpg,jpg,1,1,0,0
25_10.0.1.2_0_0d-408.jpg,jpg,1,1,0,0
25_10.0.1.2_0_0d-411.jpg,jpg,1,1,0,0
25_10.0.1.2_0d-393.jpg,jpg,1,1,0,0
25_10.0.1.2_0d-396.jpg,jpg,1,1,0,0
25_10.0.1.2_0d-399.jpg,jpg,1,1,0,0
25_10.0.1.2_0d-402.jpg,jpg,1,1,0,0
25_10.0.1.2_0d-405.jpg,jpg,1,1,0,0
25_10.0.1.2_0d-408.jpg,jpg,1,1,0,0
25_10.0.1.2_0d-411.jpg,jpg,1,1,0,0
27_10.0.1.2_0_0d-414.jpg,jpg,1,1,0,0
27_10.0.1.2_0_0d-417.jpg,jpg,1,1,0,0
27_10.0.1.2_0_0d-420.jpg,jpg,1,1,0,0
27_10.0.1.2_0_0d-423.jpg,jpg,1,1,0,0
27_10.0.1.2_0_0d-426.jpg,jpg,1,1,0,0
27_10.0.1.2_0d-414.jpg,jpg,1,1,0,0
27_10.0.1.2_0d-417.jpg,jpg,1,1,0,0
27_10.0.1.2_0d-420.jpg,jpg,1,1,0,0
27_10.0.1.2_0d-423.jpg,jpg,1,1,0,0
27_10.0.1.2_0d-426.jpg,jpg,1,1,0,0
28_10.0.1.2_0_0d-414.jpg,jpg,1,0,1,0
28_10.0.1.2_0_0d-417.jpg,jpg,1,0,1,0
28_10.0.1.2_0_0d-420.jpg,jpg,1,0,1,0
28_10.0.1.2_0_0d-423.jpg,jpg,1,0,1,0
28_10.0.1.2_0_0d-426.jpg,jpg,1,0,1,0
28_10.0.1.2_0_0d-429.jpg,jpg,1,0,1,0
28_10.0.1.2_0_0d-432.jpg,jpg,1,0,1,0
28_10.0.1.2_0d-414.jpg,jpg,1,0,1,0
28_10.0.1.2_0d-417.jpg,jpg,1,0,1,0
28_10.0.1.2_0d-420.jpg,jpg,1,0,1,0
28_10.0.1.2_0d-423.jpg,jpg,1,0,1,0
28_10.0.1.2_0d-426.jpg,jpg,1,0,1,0
28_10.0.1.2_0d-429.jpg,jpg,1,0,1,0
28_10.0.1.2_0d-432.jpg,jpg,1,0,1,0
33_10.0.1.2_0_0d-435.jpg,jpg,1,0,1,0
33_10.0.1.2_0_0d-438.jpg,jpg,1,1,0,0
33_10.0.1.2_0_0d-441.jpg,jpg,1,1,0,0
33_10.0.1.2_0_0d-444.jpg,jpg,1,1,0,0
33_10.0.1.2_0_0d-447.jpg,jpg,1,1,0,0
33_10.0.1.2_0_0d-450.jpg,jpg,1,1,0,0
33_10.0.1.2_0_0d-453.jpg,jpg,1,1,0,0
33_10.0.1.2_0_0d-456.jpg,jpg,1,1,0,0
33_10.0.1.2_0_0d-459.jpg,jpg,1,1,0,0
33_10.0.1.2_0_0d-462.jpg,jpg,1,1,0,0
33_10.0.1.2_0_0d-465.jpg,jpg,1,1,0,0
33_10.0.1.2_0_0d-468.jpg,jpg,1,1,0,0
33_10.0.1.2_0_0d-471.jpg,jpg,1,0,1,0
33_10.0.1.2_0_0d-474.jpg,jpg,1,0,1,0
33_10.0.1.2_0_0d-477.jpg,jpg,1,0,1,0
33_10.0.1.2_0_0d-480.jpg,jpg,1,1,0,0
33_10.0.1.2_0d-435.jpg,jpg,1,1,0,0
33_10.0.1.2_0d-438.jpg,jpg,1,1,0,0
33_10.0.1.2_0d-441.jpg,jpg,1,1,0,0
33_10.0.1.2_0d-444.jpg,jpg,1,1,0,0
33_10.0.1.2_0d-447.jpg,jpg,1,1,0,0
33_10.0.1.2_0d-450.jpg,jpg,1,1,0,0
33_10.0.1.2_0d-453.jpg,jpg,1,1,0,0
33_10.0.1.2_0d-456.jpg,jpg,1,1,0,0
33_10.0.1.2_0d-459.jpg,jpg,1,1,0,0
33_10.0.1.2_0d-462.jpg,jpg,1,1,0,0
33_10.0.1.2_0d-465.jpg,jpg,1,1,0,0
33_10.0.1.2_0d-468.jpg,jpg,1,1,0,0
33_10.0.1.2_0d-471.jpg,jpg,1,0,1,0
33_10.0.1.2_0d-474.jpg,jpg,1,0,1,0
33_10.0.1.2_0d-477.jpg,jpg,1,0,1,0
33_10.0.1.2_0d-480.jpg,jpg,1,0,1,0
106_10.0.1.2_1_0d-633.jpg,jpg,1,1,0,0
106_10.0.1.2_1_0d-636.jpg,jpg,1,1,0,0
106_10.0.1.2_1_0d-639.jpg,jpg,1,1,0,0
106_10.0.1.2_1_0d-642.jpg,jpg,1,1,0,0
106_10.0.1.2_1_0d-645.jpg,jpg,1,1,0,0
106_10.0.1.2_1_0d-648.jpg,jpg,1,1,0,0
106_10.0.1.2_1_0d-651.jpg,jpg,1,1,0,0
106_10.0.1.2_1_0d-654.jpg,jpg,1,1,0,0
106_10.0.1.2_1_0d-657.jpg,jpg,1,1,0,0
106_10.0.1.2_1_0d-660.jpg,jpg,1,1,0,0
106_10.0.1.2_1_0d-663.jpg,jpg,1,0,1,0
106_10.0.1.2_1_0d-666.jpg,jpg,1,0,1,0
123_10.0.1.2_1_0d-669.jpg,jpg,1,1,0,0
123_10.0.1.2_1_0d-672.jpg,jpg,1,1,0,0
123_10.0.1.2_1_0d-675.jpg,jpg,1,1,0,0
123_10.0.1.2_1_0d-678.jpg,jpg,1,1,0,0
123_10.0.1.2_1_0d-681.jpg,jpg,1,1,0,0
123_10.0.1.2_1_0d-684.jpg,jpg,1,1,0,0
123_10.0.1.2_1_0d-687.jpg,jpg,1,1,0,0
123_10.0.1.2_1_0d-690.jpg,jpg,1,1,0,0
123_10.0.1.2_1_0d-693.jpg,jpg,1,1,0,0
123_10.0.1.2_1_0d-696.jpg,jpg,1,1,0,0
123_10.0.1.2_1_0d-699.jpg,jpg,1,1,0,0
123_10.0.1.2_1_0d-702.jpg,jpg,1,1,0,0
123_10.0.1.2_1_0d-705.jpg,jpg,1,1,0,0
123_10.0.1.2_1_0d-708.jpg,jpg,1,1,0,0
123_10.0.1.2_1_0d-711.jpg,jpg,1,1,0,0
123_10.0.1.2_1_0d-714.jpg,jpg,1,1,0,0
123_10.0.1.2_1_0d-717.jpg,jpg,1,1,0,0
123_10.0.1.2_1_0d-720.jpg,jpg,1,1,0,0
123_10.0.1.2_1_0d-723.jpg,jpg,1,1,0,0
123_10.0.1.2_1_0d-726.jpg,jpg,1,1,0,0
124_10.0.1.2_1_0d-891.jpg,jpg,1,0,1,0
124_10.0.1.2_1_0d-894.jpg,jpg,1,0,1,0
124_10.0.1.2_1_0d-897.jpg,jpg,1,0,1,0
124_10.0.1.2_1_0d-900.jpg,jpg,1,0,1,0
124_10.0.1.2_1_0d-903.jpg,jpg,1,0,1,0
124_10.0.1.2_1_0d-906.jpg,jpg,1,0,1,0
125_10.0.1.2_1_0d-909.jpg,jpg,1,0,1,0
125_10.0.1.2_1_0d-912.jpg,jpg,1,0,1,0
126_10.0.1.2_1_d-1017.jpg,jpg,1,1,0,0
126_10.0.1.2_1_d-1020.jpg,jpg,1,1,0,0
131_10.0.1.2_1_d-1080.jpg,jpg,1,1,0,0
131_10.0.1.2_1_d-1083.jpg,jpg,1,1,0,0
131_10.0.1.2_1_d-1086.jpg,jpg,1,1,0,0
131_10.0.1.2_1_d-1089.jpg,jpg,1,1,0,0
131_10.0.1.2_1_d-1092.jpg,jpg,1,1,0,0
131_10.0.1.2_1_d-1095.jpg,jpg,1,1,0,0
131_10.0.1.2_1_d-1098.jpg,jpg,1,1,0,0
131_10.0.1.2_1_d-1101.jpg,jpg,1,0,1,0
131_10.0.1.2_1_d-1104.jpg,jpg,1,0,1,0
131_10.0.1.2_1_d-1107.jpg,jpg,1,0,1,0
131_10.0.1.2_1_d-1110.jpg,jpg,1,0,1,0
131_10.0.1.2_1_d-1113.jpg,jpg,1,0,1,0
132_10.0.1.2_1_d-1095.jpg,jpg,1,0,1,0
132_10.0.1.2_1_d-1098.jpg,jpg,1,0,1,0
132_10.0.1.2_1_d-1101.jpg,jpg,1,0,1,0
132_10.0.1.2_1_d-1104.jpg,jpg,1,0,1,0
135_10.0.1.2_1_d-1119.jpg,jpg,1,0,1,0
135_10.0.1.2_1_d-1122.jpg,jpg,1,0,1,0
135_10.0.1.2_1_d-1125.jpg,jpg,1,0,1,0
135_10.0.1.2_1_d-1128.jpg,jpg,1,0,1,0
135_10.0.1.2_1_d-1131.jpg,jpg,1,0,1,0
135_10.0.1.2_1_d-1134.jpg,jpg,1,0,1,0
135_10.0.1.2_1_d-1137.jpg,jpg,1,0,1,0
135_10.0.1.2_1_d-1140.jpg,jpg,1,0,1,0
135_10.0.1.2_1_d-1143.jpg,jpg,1,0,1,0
135_10.0.1.2_1_d-1146.jpg,jpg,1,0,1,0
135_10.0.1.2_1_d-1149.jpg,jpg,1,0,1,0
135_10.0.1.2_1_d-1152.jpg,jpg,1,0,1,0
135_10.0.1.2_1_d-1155.jpg,jpg,1,0,1,0
135_10.0.1.2_1_d-1158.jpg,jpg,1,0,1,0
135_10.0.1.2_1_d-1161.jpg,jpg,1,0,1,0
135_10.0.1.2_1_d-1164.jpg,jpg,1,0,1,0
135_10.0.1.2_1_d-1167.jpg,jpg,1,0,1,0
138_10.0.1.2_2_d-1368.jpg,jpg,1,1,0,0
138_10.0.1.2_2_d-1371.jpg,jpg,1,1,0,0
138_10.0.1.2_d-1368.jpg,jpg,1,1,0,0
138_10.0.1.2_d-1371.jpg,jpg,1,1,0,0
139_10.0.1.2_2_d-1395.jpg,jpg,1,1,0,0
139_10.0.1.2_2_d-1398.jpg,jpg,1,1,0,0
139_10.0.1.2_2_d-1401.jpg,jpg,1,1,0,0
139_10.0.1.2_2_d-1404.jpg,jpg,1,1,0,0
139_10.0.1.2_2_d-1407.jpg,jpg,1,1,0,0
139_10.0.1.2_2_d-1410.jpg,jpg,1,1,0,0
139_10.0.1.2_2_d-1413.jpg,jpg,1,1,0,0
139_10.0.1.2_2_d-1416.jpg,jpg,1,1,0,0
139_10.0.1.2_2_d-1419.jpg,jpg,1,1,0,0
139_10.0.1.2_2_d-1422.jpg,jpg,1,1,0,0
139_10.0.1.2_2_d-1425.jpg,jpg,1,1,0,0
139_10.0.1.2_2_d-1428.jpg,jpg,1,1,0,0
139_10.0.1.2_2_d-1431.jpg,jpg,1,1,0,0
139_10.0.1.2_2_d-1434.jpg,jpg,1,1,0,0
139_10.0.1.2_2_d-1437.jpg,jpg,1,1,0,0
139_10.0.1.2_2_d-1440.jpg,jpg,1,1,0,0
139_10.0.1.2_2_d-1443.jpg,jpg,1,1,0,0
139_10.0.1.2_2_d-1446.jpg,jpg,1,1,0,0
139_10.0.1.2_2_d-1449.jpg,jpg,1,1,0,0
139_10.0.1.2_2_d-1452.jpg,jpg,1,1,0,0
139_10.0.1.2_d-1395.jpg,jpg,1,1,0,0
139_10.0.1.2_d-1398.jpg,jpg,1,1,0,0
139_10.0.1.2_d-1401.jpg,jpg,1,1,0,0
139_10.0.1.2_d-1404.jpg,jpg,1,1,0,0
139_10.0.1.2_d-1407.jpg,jpg,1,1,0,0
139_10.0.1.2_d-1410.jpg,jpg,1,1,0,0
139_10.0.1.2_d-1413.jpg,jpg,1,1,0,0
139_10.0.1.2_d-1416.jpg,jpg,1,1,0,0
139_10.0.1.2_d-1419.jpg,jpg,1,1,0,0
139_10.0.1.2_d-1422.jpg,jpg,1,1,0,0
139_10.0.1.2_d-1425.jpg,jpg,1,1,0,0
139_10.0.1.2_d-1428.jpg,jpg,1,1,0,0
139_10.0.1.2_d-1431.jpg,jpg,1,1,0,0
139_10.0.1.2_d-1434.jpg,jpg,1,1,0,0
139_10.0.1.2_d-1437.jpg,jpg,1,1,0,0
139_10.0.1.2_d-1440.jpg,jpg,1,1,0,0
139_10.0.1.2_d-1443.jpg,jpg,1,1,0,0
139_10.0.1.2_d-1446.jpg,jpg,1,1,0,0
139_10.0.1.2_d-1449.jpg,jpg,1,1,0,0
139_10.0.1.2_d-1452.jpg,jpg,1,1,0,0
